Umur,Jumlah_Trombosit,Suhu_Tubuh,Ruam_Kulit,Nyeri_Otot,Risiko_DBD
8,90000,39.5,Ya,Ya,Tinggi
15,130000,38.5,Tidak,Ya,Sedang
20,80000,40.2,Ya,Ya,Tinggi
25,160000,37.5,Tidak,Tidak,Rendah
10,110000,39.0,Ya,Ya,Tinggi
18,140000,38.8,Tidak,Tidak,Sedang
30,170000,37.2,Tidak,Tidak,Rendah
12,70000,40.5,Ya,Ya,Tinggi
35,150000,38.0,Tidak,Tidak,Sedang
22,120000,38.5,Tidak,Ya,Sedang
34,54783,36.8,Ya,Ya,Tinggi
21,402490,38.3,Ya,Tidak,Sedang
16,78357,39.0,Ya,Tidak,Tinggi
56,324606,38.0,Tidak,Tidak,Sedang
6,252274,39.5,Tidak,Ya,Tinggi
32,114109,39.7,Ya,Tidak,Tinggi
41,395629,37.5,Tidak,Tidak,Sedang
31,408969,37.7,Ya,Tidak,Sedang
30,68141,37.4,Ya,Tidak,Tinggi
45,316339,39.7,Ya,Tidak,Tinggi
8,404584,39.5,Tidak,Ya,Tinggi
61,262063,40.0,Tidak,Tidak,Tinggi
6,152341,37.6,Ya,Tidak,Sedang
20,149434,37.1,Tidak,Ya,Tinggi
65,87448,39.9,Ya,Tidak,Tinggi
30,301612,39.8,Ya,Tidak,Tinggi
70,366119,37.2,Tidak,Tidak,Sedang
19,402429,36.3,Ya,Ya,Rendah
22,114558,39.2,Tidak,Ya,Tinggi
67,370581,37.9,Ya,Ya,Sedang
19,221539,38.1,Tidak,Ya,Sedang
69,168591,38.3,Ya,Ya,Sedang
34,446493,37.7,Ya,Ya,Sedang
26,283344,39.3,Ya,Ya,Tinggi
29,398866,37.0,Tidak,Tidak,Sedang
70,136950,39.4,Ya,Tidak,Tinggi
12,221801,36.6,Ya,Tidak,Rendah
8,410920,40.0,Ya,Ya,Tinggi
20,234718,39.2,Ya,Tidak,Tinggi
29,133625,37.1,Ya,Ya,Tinggi
50,164616,37.8,Ya,Ya,Sedang
63,354827,38.4,Ya,Ya,Sedang
4,147678,37.4,Ya,Tidak,Tinggi
31,423071,37.0,Tidak,Tidak,Sedang
19,198094,38.1,Tidak,Tidak,Sedang
26,233769,39.7,Ya,Ya,Tinggi
49,298120,39.3,Tidak,Ya,Tinggi
44,184244,39.6,Ya,Ya,Tinggi
47,193092,36.9,Ya,Tidak,Rendah
27,107047,36.5,Ya,Tidak,Tinggi
30,188089,38.8,Tidak,Ya,Sedang
3,160278,36.9,Tidak,Tidak,Rendah
36,430419,39.2,Tidak,Tidak,Tinggi
21,301366,38.4,Ya,Ya,Sedang
65,365237,39.9,Ya,Tidak,Tinggi
6,400734,37.5,Tidak,Tidak,Sedang
22,79885,39.6,Tidak,Tidak,Tinggi
30,397322,36.6,Ya,Tidak,Rendah
64,261344,38.3,Tidak,Ya,Sedang
40,408084,36.9,Tidak,Ya,Rendah
70,378965,38.9,Tidak,Ya,Sedang
53,113961,37.0,Tidak,Tidak,Tinggi
9,342510,36.0,Ya,Ya,Rendah
64,284061,36.1,Tidak,Ya,Rendah
58,181051,39.3,Ya,Tidak,Tinggi
53,58423,36.7,Tidak,Tidak,Tinggi
55,323562,37.4,Ya,Ya,Sedang
8,352449,38.3,Ya,Ya,Sedang
48,189371,37.6,Tidak,Ya,Sedang
51,94988,36.3,Tidak,Tidak,Tinggi
57,351483,39.7,Ya,Ya,Tinggi
33,428958,38.3,Ya,Ya,Sedang
55,285472,38.0,Tidak,Tidak,Sedang
45,277293,38.9,Tidak,Tidak,Sedang
57,449562,38.0,Tidak,Tidak,Sedang
43,276726,39.2,Tidak,Ya,Tinggi
17,262703,39.1,Tidak,Tidak,Tinggi
44,173838,38.4,Tidak,Tidak,Sedang
10,372351,39.6,Ya,Ya,Tinggi
60,353709,38.8,Tidak,Tidak,Sedang
70,136419,37.5,Tidak,Tidak,Tinggi
68,71343,37.7,Tidak,Ya,Tinggi
2,272244,39.3,Ya,Ya,Tinggi
28,306613,38.6,Ya,Tidak,Sedang
9,334128,39.0,Ya,Ya,Tinggi
9,81479,38.6,Ya,Tidak,Tinggi
58,124197,37.0,Tidak,Ya,Tinggi
68,346078,39.8,Ya,Ya,Tinggi
35,88915,37.9,Ya,Ya,Tinggi
39,272253,37.2,Ya,Ya,Sedang
33,301963,37.7,Tidak,Tidak,Sedang
31,401611,36.6,Tidak,Ya,Rendah
32,348349,36.5,Ya,Tidak,Rendah
63,415902,36.9,Ya,Tidak,Rendah
14,309822,38.0,Tidak,Ya,Sedang
29,286342,38.9,Ya,Ya,Sedang
69,426871,40.0,Tidak,Ya,Tinggi
40,354483,39.7,Tidak,Ya,Tinggi
67,183027,39.9,Tidak,Ya,Tinggi
21,217538,37.6,Ya,Tidak,Sedang
24,372228,36.2,Tidak,Ya,Rendah
11,403392,39.8,Ya,Ya,Tinggi
12,80199,36.6,Tidak,Ya,Tinggi
66,54124,36.6,Ya,Ya,Tinggi
55,405691,36.1,Tidak,Ya,Rendah
66,208121,38.7,Tidak,Tidak,Sedang
69,153577,38.9,Tidak,Tidak,Sedang
4,84614,38.8,Tidak,Ya,Tinggi
54,357101,36.8,Ya,Tidak,Rendah
50,175210,36.4,Ya,Tidak,Rendah
46,336071,36.5,Tidak,Ya,Rendah
23,331274,37.6,Ya,Ya,Sedang
62,423249,36.5,Tidak,Ya,Rendah
17,139893,38.0,Tidak,Ya,Tinggi
25,173740,37.7,Tidak,Ya,Sedang
69,165217,38.0,Tidak,Ya,Sedang
2,308763,38.0,Tidak,Tidak,Sedang
68,231185,38.9,Tidak,Ya,Sedang
5,179723,36.1,Ya,Ya,Rendah
36,226306,37.8,Ya,Tidak,Sedang
48,359027,39.4,Tidak,Ya,Tinggi
2,230963,38.6,Ya,Tidak,Sedang
29,315696,36.0,Tidak,Tidak,Rendah
41,66845,37.8,Ya,Tidak,Tinggi
53,267467,37.0,Tidak,Tidak,Sedang
45,101470,38.0,Tidak,Tidak,Tinggi
63,415079,37.0,Tidak,Tidak,Sedang
33,138815,38.2,Ya,Tidak,Tinggi
57,181836,39.9,Ya,Tidak,Tinggi
40,415774,37.4,Ya,Ya,Sedang
28,221235,37.9,Ya,Ya,Sedang
17,290804,38.1,Tidak,Ya,Sedang
35,275560,37.1,Tidak,Tidak,Sedang
23,419413,40.0,Ya,Ya,Tinggi
55,422268,37.5,Tidak,Ya,Sedang
26,407539,36.6,Tidak,Tidak,Rendah
52,173254,38.2,Tidak,Ya,Sedang
53,128583,36.0,Tidak,Tidak,Tinggi
54,176719,37.5,Tidak,Ya,Sedang
53,212260,37.5,Tidak,Tidak,Sedang
44,372434,39.4,Tidak,Tidak,Tinggi
61,390109,37.3,Ya,Tidak,Sedang
44,363183,38.4,Ya,Tidak,Sedang
23,364741,39.2,Tidak,Tidak,Tinggi
36,184311,39.9,Ya,Ya,Tinggi
14,143969,37.6,Tidak,Tidak,Tinggi
54,358189,39.2,Tidak,Ya,Tinggi
49,334624,36.8,Ya,Tidak,Rendah
45,260984,38.9,Ya,Tidak,Sedang
69,414517,37.3,Ya,Tidak,Sedang
57,363991,37.6,Tidak,Tidak,Sedang
64,193892,36.7,Tidak,Tidak,Rendah
43,434799,36.8,Ya,Tidak,Rendah
8,76768,36.8,Ya,Ya,Tinggi
39,349916,36.5,Tidak,Tidak,Rendah
49,209986,38.5,Tidak,Ya,Sedang
19,63020,39.8,Ya,Ya,Tinggi
66,213185,37.8,Ya,Ya,Sedang
25,308781,36.4,Ya,Tidak,Rendah
63,337736,37.8,Tidak,Tidak,Sedang
26,145330,39.9,Ya,Tidak,Tinggi
66,344763,37.6,Tidak,Tidak,Sedang
7,403059,37.5,Ya,Tidak,Sedang
20,288182,39.3,Tidak,Tidak,Tinggi
15,73135,39.5,Ya,Ya,Tinggi
18,310545,39.7,Tidak,Tidak,Tinggi
32,379847,36.5,Tidak,Ya,Rendah
68,411718,37.8,Tidak,Ya,Sedang
62,299247,39.9,Ya,Tidak,Tinggi
56,240235,40.0,Tidak,Tidak,Tinggi
63,223519,37.7,Tidak,Tidak,Sedang
9,246165,36.3,Tidak,Ya,Rendah
48,71798,38.7,Tidak,Tidak,Tinggi
59,256051,36.5,Ya,Ya,Rendah
63,149713,39.4,Tidak,Tidak,Tinggi
33,322692,39.1,Ya,Ya,Tinggi
14,253989,38.2,Ya,Tidak,Sedang
32,186863,39.3,Tidak,Ya,Tinggi
8,301750,38.9,Ya,Tidak,Sedang
70,325377,39.1,Ya,Ya,Tinggi
19,90063,39.9,Ya,Ya,Tinggi
52,356959,37.3,Ya,Tidak,Sedang
17,292036,37.1,Ya,Ya,Sedang
28,174236,39.5,Tidak,Ya,Tinggi
40,357495,38.2,Ya,Ya,Sedang
55,156202,38.9,Ya,Tidak,Sedang
6,426634,39.1,Tidak,Tidak,Tinggi
70,83993,39.1,Tidak,Ya,Tinggi
16,311533,37.0,Ya,Ya,Sedang
58,385210,39.0,Tidak,Ya,Tinggi
24,139190,36.9,Ya,Tidak,Tinggi
14,299536,37.1,Tidak,Tidak,Sedang
45,383548,37.6,Tidak,Tidak,Sedang
60,308750,39.3,Tidak,Ya,Tinggi
35,114011,39.1,Tidak,Ya,Tinggi
68,382419,36.1,Tidak,Tidak,Rendah
18,180694,37.1,Tidak,Ya,Sedang
18,435540,38.1,Ya,Tidak,Sedang
45,89926,37.6,Ya,Ya,Tinggi
67,364388,37.7,Tidak,Ya,Sedang
61,50203,36.6,Ya,Ya,Tinggi
42,415317,37.9,Ya,Ya,Sedang
7,361073,38.5,Ya,Tidak,Sedang
52,180326,38.2,Ya,Tidak,Sedang
69,198538,38.0,Tidak,Tidak,Sedang
3,405340,39.0,Tidak,Ya,Tinggi
43,290958,38.1,Ya,Ya,Sedang
19,242537,36.0,Tidak,Tidak,Rendah
37,411738,36.5,Tidak,Tidak,Rendah
56,267697,36.6,Tidak,Ya,Rendah
48,292984,39.0,Tidak,Ya,Tinggi
37,210325,37.4,Tidak,Ya,Sedang
63,85221,38.1,Tidak,Ya,Tinggi
57,115734,38.4,Tidak,Ya,Tinggi
33,206351,37.7,Ya,Ya,Sedang
43,264754,36.3,Tidak,Ya,Rendah
25,390012,39.2,Tidak,Tidak,Tinggi
46,67913,38.9,Tidak,Tidak,Tinggi
5,420315,36.2,Tidak,Tidak,Rendah
49,70967,36.8,Tidak,Tidak,Tinggi
6,105335,38.0,Tidak,Tidak,Tinggi
39,286560,37.7,Tidak,Ya,Sedang
31,257523,36.5,Ya,Tidak,Rendah
31,249537,37.5,Ya,Ya,Sedang
3,276034,36.4,Ya,Ya,Rendah
4,237288,36.9,Ya,Ya,Rendah
20,113617,36.6,Ya,Ya,Tinggi
31,55007,38.4,Ya,Ya,Tinggi
53,119786,39.5,Tidak,Tidak,Tinggi
30,202509,38.9,Ya,Tidak,Sedang
52,297533,37.9,Ya,Tidak,Sedang
63,332817,36.3,Tidak,Ya,Rendah
54,225328,38.6,Tidak,Tidak,Sedang
19,146403,39.7,Tidak,Tidak,Tinggi
54,235703,37.5,Tidak,Ya,Sedang
68,384006,36.5,Ya,Ya,Rendah
61,168674,37.6,Ya,Tidak,Sedang
21,103739,38.7,Ya,Ya,Tinggi
61,83342,37.4,Ya,Tidak,Tinggi
29,340763,39.6,Ya,Tidak,Tinggi
40,407891,38.7,Ya,Ya,Sedang
64,402427,36.3,Tidak,Tidak,Rendah
63,186267,37.4,Ya,Ya,Sedang
16,336610,36.8,Ya,Tidak,Rendah
53,423461,40.0,Tidak,Ya,Tinggi
16,296231,38.9,Tidak,Ya,Sedang
4,440865,39.3,Ya,Ya,Tinggi
63,316749,40.0,Ya,Ya,Tinggi
14,230819,39.8,Tidak,Tidak,Tinggi
60,206851,37.9,Tidak,Tidak,Sedang
43,180404,38.6,Ya,Ya,Sedang
19,58900,38.2,Tidak,Ya,Tinggi
20,88735,36.1,Ya,Tidak,Tinggi
20,242937,39.6,Tidak,Tidak,Tinggi
39,243397,36.4,Ya,Tidak,Rendah
3,112557,38.1,Ya,Ya,Tinggi
32,244956,37.1,Ya,Tidak,Sedang
21,73494,36.8,Ya,Ya,Tinggi
30,412833,36.5,Ya,Ya,Rendah
25,254459,38.5,Tidak,Ya,Sedang
23,220217,38.5,Ya,Tidak,Sedang
14,159804,37.2,Tidak,Ya,Sedang
40,182967,37.2,Ya,Ya,Sedang
42,403750,36.5,Tidak,Tidak,Rendah
50,140134,38.8,Ya,Ya,Tinggi
59,328797,38.0,Tidak,Tidak,Sedang
35,375022,38.1,Tidak,Tidak,Sedang
26,269603,37.3,Ya,Tidak,Sedang
60,433050,38.7,Tidak,Tidak,Sedang
64,178098,39.7,Ya,Tidak,Tinggi
43,240617,38.8,Ya,Ya,Sedang
33,414134,37.9,Tidak,Ya,Sedang
59,165038,38.1,Tidak,Ya,Sedang
35,368678,39.7,Ya,Ya,Tinggi
64,225749,36.2,Ya,Ya,Rendah
30,284665,39.4,Tidak,Ya,Tinggi
59,145246,37.0,Ya,Tidak,Tinggi
68,446185,38.3,Tidak,Ya,Sedang
46,311104,36.9,Tidak,Tidak,Rendah
51,142236,36.2,Ya,Ya,Tinggi
41,195662,38.6,Tidak,Ya,Sedang
7,307426,36.3,Ya,Ya,Rendah
56,364267,36.5,Tidak,Tidak,Rendah
46,188237,36.1,Tidak,Tidak,Rendah
5,399707,38.2,Ya,Ya,Sedang
44,303569,38.4,Tidak,Ya,Sedang
48,116207,38.9,Ya,Ya,Tinggi
21,76285,38.7,Ya,Ya,Tinggi
65,205643,39.2,Ya,Tidak,Tinggi
12,175691,37.0,Ya,Ya,Sedang
1,434281,39.6,Ya,Ya,Tinggi
69,167682,36.9,Ya,Ya,Rendah
4,303909,36.3,Tidak,Ya,Rendah
49,131635,37.8,Ya,Ya,Tinggi
47,401987,36.7,Tidak,Tidak,Rendah
58,339351,36.3,Tidak,Tidak,Rendah
28,252020,37.3,Tidak,Tidak,Sedang
42,96760,38.8,Tidak,Tidak,Tinggi
25,267258,38.2,Tidak,Tidak,Sedang
5,158102,38.9,Tidak,Ya,Sedang
57,63448,36.4,Ya,Ya,Tinggi
67,439625,37.1,Tidak,Ya,Sedang
56,299185,37.6,Ya,Ya,Sedang
30,90243,37.9,Ya,Tidak,Tinggi
25,303935,39.2,Ya,Tidak,Tinggi
45,214594,37.9,Tidak,Tidak,Sedang
19,340401,39.7,Tidak,Tidak,Tinggi
22,198619,38.7,Ya,Tidak,Sedang
27,373477,37.0,Tidak,Ya,Sedang
70,280583,39.6,Tidak,Ya,Tinggi
22,166866,36.4,Tidak,Tidak,Rendah
57,294423,36.3,Tidak,Tidak,Rendah
44,105258,39.9,Tidak,Tidak,Tinggi
25,192408,37.9,Ya,Tidak,Sedang
15,186174,39.0,Ya,Ya,Tinggi
15,112686,39.2,Tidak,Tidak,Tinggi
63,376550,38.1,Ya,Tidak,Sedang
4,251030,37.3,Tidak,Ya,Sedang
53,207500,37.5,Tidak,Tidak,Sedang
30,400407,38.8,Tidak,Tidak,Sedang
33,193166,36.5,Ya,Tidak,Rendah
4,266526,37.5,Ya,Ya,Sedang
49,94220,37.7,Tidak,Tidak,Tinggi
41,383125,38.3,Ya,Tidak,Sedang
13,148995,38.8,Tidak,Tidak,Tinggi
53,356978,39.2,Ya,Tidak,Tinggi
54,360924,37.8,Ya,Ya,Sedang
27,77723,38.7,Ya,Ya,Tinggi
40,51624,38.1,Tidak,Tidak,Tinggi
47,433713,37.7,Ya,Tidak,Sedang
51,315340,38.3,Ya,Tidak,Sedang
3,182036,37.0,Tidak,Ya,Sedang
4,314391,39.9,Tidak,Ya,Tinggi
13,317332,39.9,Ya,Tidak,Tinggi
66,345786,38.4,Tidak,Ya,Sedang
17,74232,38.9,Tidak,Tidak,Tinggi
62,154593,37.4,Ya,Tidak,Sedang
12,388734,36.3,Ya,Tidak,Rendah
17,232517,36.8,Tidak,Ya,Rendah
32,266810,38.0,Tidak,Ya,Sedang
12,382974,39.5,Ya,Tidak,Tinggi
13,188661,36.3,Ya,Tidak,Rendah
2,161489,39.0,Ya,Ya,Tinggi
35,226033,39.0,Ya,Ya,Tinggi
19,205384,39.7,Tidak,Ya,Tinggi
8,175103,39.0,Tidak,Ya,Tinggi
58,234270,36.7,Ya,Ya,Rendah
29,142661,39.6,Tidak,Ya,Tinggi
28,125972,39.4,Ya,Ya,Tinggi
25,159801,39.6,Tidak,Ya,Tinggi
40,316561,36.9,Tidak,Ya,Rendah
28,157370,39.2,Ya,Tidak,Tinggi
24,216336,36.0,Tidak,Tidak,Rendah
28,142294,39.0,Ya,Tidak,Tinggi
40,228826,38.9,Tidak,Tidak,Sedang
5,329768,39.4,Ya,Tidak,Tinggi
28,118033,39.9,Tidak,Ya,Tinggi
32,154023,37.2,Ya,Tidak,Sedang
45,344935,38.1,Ya,Ya,Sedang
30,89718,36.5,Tidak,Tidak,Tinggi
24,101388,37.9,Ya,Ya,Tinggi
41,252083,36.1,Ya,Ya,Rendah
32,97629,39.1,Ya,Tidak,Tinggi
17,426322,38.1,Ya,Ya,Sedang
31,311740,39.8,Tidak,Tidak,Tinggi
34,307354,38.2,Tidak,Ya,Sedang
37,341389,37.2,Tidak,Tidak,Sedang
22,158219,39.6,Ya,Tidak,Tinggi
9,152971,37.6,Tidak,Ya,Sedang
60,374081,38.3,Tidak,Ya,Sedang
39,241264,38.1,Tidak,Ya,Sedang
40,273808,38.0,Tidak,Ya,Sedang
44,216765,37.2,Tidak,Ya,Sedang
2,270258,38.7,Ya,Tidak,Sedang
35,60605,40.0,Ya,Tidak,Tinggi
36,50046,39.5,Tidak,Ya,Tinggi
59,203426,39.2,Ya,Tidak,Tinggi
7,432315,39.6,Ya,Ya,Tinggi
63,391468,38.8,Tidak,Ya,Sedang
34,71488,37.1,Ya,Ya,Tinggi
59,137537,39.0,Ya,Tidak,Tinggi
1,120272,37.2,Ya,Tidak,Tinggi
44,275017,36.8,Tidak,Ya,Rendah
37,269563,38.8,Ya,Ya,Sedang
27,329611,37.3,Ya,Tidak,Sedang
22,433918,37.4,Tidak,Ya,Sedang
20,134883,39.2,Tidak,Tidak,Tinggi
16,322382,36.2,Tidak,Ya,Rendah
51,67945,37.6,Tidak,Ya,Tinggi
22,393242,39.0,Tidak,Tidak,Tinggi
11,442141,37.6,Tidak,Tidak,Sedang
46,110346,37.3,Ya,Tidak,Tinggi
3,120981,38.6,Tidak,Ya,Tinggi
16,176231,38.6,Ya,Tidak,Sedang
23,247449,36.9,Ya,Tidak,Rendah
54,308217,37.5,Tidak,Ya,Sedang
45,262563,37.8,Ya,Ya,Sedang
58,408258,39.8,Tidak,Tidak,Tinggi
37,355910,39.4,Ya,Ya,Tinggi
31,168645,38.8,Tidak,Ya,Sedang
66,439947,36.3,Ya,Ya,Rendah
45,245943,38.4,Tidak,Ya,Sedang
49,412705,39.6,Ya,Tidak,Tinggi
38,199397,36.3,Tidak,Ya,Rendah
26,94423,38.9,Ya,Tidak,Tinggi
69,93627,36.8,Tidak,Tidak,Tinggi
19,290591,36.8,Tidak,Ya,Rendah
61,418680,38.5,Ya,Tidak,Sedang
4,449989,36.7,Ya,Ya,Rendah
40,316748,39.6,Tidak,Tidak,Tinggi
40,95489,36.6,Tidak,Tidak,Tinggi
28,166603,36.2,Ya,Tidak,Rendah
51,101074,36.1,Ya,Tidak,Tinggi
64,118733,38.8,Ya,Tidak,Tinggi
7,338026,38.1,Tidak,Ya,Sedang
32,336041,37.9,Ya,Tidak,Sedang
47,387057,39.1,Tidak,Ya,Tinggi
28,257313,36.0,Tidak,Ya,Rendah
28,183134,36.4,Tidak,Tidak,Rendah
10,219701,38.7,Ya,Ya,Sedang
55,116023,39.9,Tidak,Tidak,Tinggi
57,71041,39.7,Ya,Ya,Tinggi
4,312114,37.5,Ya,Ya,Sedang
28,382262,36.6,Tidak,Ya,Rendah
62,369850,37.4,Tidak,Ya,Sedang
21,176280,38.0,Tidak,Tidak,Sedang
4,443697,36.1,Ya,Tidak,Rendah
31,241636,39.3,Tidak,Ya,Tinggi
40,186851,38.9,Tidak,Ya,Sedang
36,87805,36.7,Ya,Tidak,Tinggi
39,214964,38.5,Tidak,Ya,Sedang
51,95321,37.9,Ya,Tidak,Tinggi
57,114124,38.4,Tidak,Tidak,Tinggi
68,403968,39.3,Ya,Ya,Tinggi
54,134056,37.9,Tidak,Ya,Tinggi
69,185165,36.6,Ya,Ya,Rendah
2,107734,39.1,Ya,Ya,Tinggi
36,218749,37.6,Tidak,Ya,Sedang
48,298493,38.7,Tidak,Tidak,Sedang
10,174119,37.0,Tidak,Tidak,Sedang
42,364665,40.0,Tidak,Ya,Tinggi
4,153870,39.9,Ya,Tidak,Tinggi
11,410401,36.6,Ya,Ya,Rendah
51,219126,39.2,Ya,Tidak,Tinggi
60,288263,38.6,Ya,Tidak,Sedang
2,217935,37.8,Ya,Ya,Sedang
27,83565,37.3,Ya,Ya,Tinggi
22,327915,37.3,Ya,Ya,Sedang
12,353207,38.9,Ya,Ya,Sedang
65,404093,37.0,Ya,Ya,Sedang
12,386183,37.1,Tidak,Ya,Sedang
19,303495,39.8,Tidak,Tidak,Tinggi
25,384719,37.8,Tidak,Ya,Sedang
31,80552,38.8,Tidak,Tidak,Tinggi
67,419563,39.3,Ya,Tidak,Tinggi
8,301138,36.8,Tidak,Ya,Rendah
45,305033,38.5,Ya,Ya,Sedang
33,169412,37.5,Ya,Ya,Sedang
6,114818,38.6,Ya,Tidak,Tinggi
56,283655,39.1,Tidak,Ya,Tinggi
65,205444,36.5,Ya,Tidak,Rendah
10,315583,37.4,Tidak,Ya,Sedang
57,309450,39.5,Tidak,Tidak,Tinggi
46,399062,38.2,Ya,Tidak,Sedang
34,304465,38.1,Ya,Tidak,Sedang
22,345840,39.9,Ya,Ya,Tinggi
9,300018,40.0,Ya,Ya,Tinggi
23,353766,37.8,Ya,Tidak,Sedang
7,188371,39.2,Tidak,Tidak,Tinggi
2,440010,37.3,Ya,Tidak,Sedang
49,125003,36.5,Ya,Tidak,Tinggi
2,121107,39.7,Ya,Ya,Tinggi
11,67683,36.0,Tidak,Tidak,Tinggi
13,419380,38.5,Tidak,Ya,Sedang
49,382329,39.8,Ya,Tidak,Tinggi
26,58330,37.2,Tidak,Tidak,Tinggi
30,77908,38.1,Tidak,Ya,Tinggi
62,260812,37.5,Tidak,Tidak,Sedang
48,119379,39.0,Tidak,Ya,Tinggi
14,351200,39.7,Ya,Tidak,Tinggi
24,313119,37.3,Ya,Ya,Sedang
11,343511,36.2,Ya,Ya,Rendah
29,306960,36.3,Ya,Tidak,Rendah
16,418347,39.2,Ya,Tidak,Tinggi
20,336369,37.5,Ya,Ya,Sedang
60,313439,38.4,Ya,Ya,Sedang
16,279826,38.2,Tidak,Ya,Sedang
26,185980,36.8,Tidak,Ya,Rendah
55,131213,38.5,Tidak,Ya,Tinggi
59,176916,39.7,Ya,Tidak,Tinggi
48,287456,37.6,Tidak,Ya,Sedang
9,393550,39.4,Ya,Tidak,Tinggi
49,379503,38.1,Tidak,Tidak,Sedang
9,288392,39.5,Tidak,Ya,Tinggi
44,297018,38.3,Ya,Tidak,Sedang
58,183773,36.4,Tidak,Ya,Rendah
9,58334,37.2,Ya,Tidak,Tinggi
3,322146,36.3,Tidak,Ya,Rendah
46,334229,38.4,Tidak,Ya,Sedang
30,182806,38.3,Ya,Ya,Sedang
